{
  "years": [
    1872,
    1873,
    1874,
    1875,
    1876,
    1877,
    1878,
    1879,
    1880,
    1881,
    1882,
    1883,
    1884,
    1885,
    1886,
    1887,
    1888,
    1889,
    1890,
    1891,
    1892,
    1893,
    1894,
    1895,
    1896,
    1897,
    1898,
    1899,
    1900,
    1901,
    1902,
    1903,
    1904,
    1905,
    1906,
    1907,
    1908,
    1909,
    1910,
    1911,
    1912,
    1913,
    1914,
    1915,
    1916,
    1917,
    1918,
    1919,
    1920,
    1921,
    1922,
    1923,
    1924,
    1925,
    1926,
    1927,
    1928,
    1929,
    1930,
    1931,
    1932,
    1933,
    1934,
    1935,
    1936,
    1937,
    1938,
    1939,
    1940,
    1941,
    1942,
    1943,
    1944,
    1945,
    1946,
    1947,
    1948,
    1949,
    1950,
    1951,
    1952,
    1953,
    1954,
    1955,
    1956,
    1957,
    1958,
    1959,
    1960,
    1961,
    1962,
    1963,
    1964,
    1965,
    1966,
    1967,
    1968,
    1969,
    1970,
    1971,
    1972,
    1973,
    1974,
    1975,
    1976,
    1977,
    1978,
    1979,
    1980,
    1981,
    1982,
    1983,
    1984,
    1985,
    1986,
    1987,
    1988,
    1989,
    1990,
    1991,
    1992,
    1993,
    1994,
    1995,
    1996,
    1997,
    1998,
    1999,
    2000,
    2001,
    2002,
    2003,
    2004,
    2005,
    2006,
    2007,
    2008,
    2009,
    2010,
    2011,
    2012,
    2013,
    2014,
    2015,
    2016,
    2017,
    2018,
    2019,
    2020,
    2021,
    2022
  ],
  "real_returns": [
    0.10616,
    -0.010287,
    0.167723,
    0.086582,
    -0.102079,
    0.107733,
    0.303507,
    0.259735,
    0.265932,
    0.00779,
    0.04533,
    0.048587,
    -0.030649,
    0.286549,
    0.187214,
    -0.080868,
    0.021136,
    0.145386,
    -0.109263,
    0.290903,
    0.048392,
    -0.088649,
    0.101466,
    0.020363,
    0.034965,
    0.172193,
    0.217873,
    -0.058318,
    0.234861,
    0.146667,
    -0.017699,
    -0.093537,
    0.256941,
    0.198372,
    0.014606,
    -0.279448,
    0.405334,
    0.07779,
    -0.001294,
    0.081423,
    0.007934,
    -0.119895,
    -0.042538,
    0.331516,
    -0.032425,
    -0.36656,
    0.047939,
    0.049415,
    -0.206147,
    0.291406,
    0.302895,
    0.010928,
    0.261498,
    0.248249,
    0.152771,
    0.389265,
    0.397451,
    -0.04763,
    -0.188213,
    -0.357939,
    -0.008597,
    0.532473,
    -0.042508,
    0.427543,
    0.338113,
    -0.338207,
    0.259838,
    0.020103,
    -0.103056,
    -0.188043,
    0.074542,
    0.233534,
    0.173212,
    0.351036,
    -0.230403,
    -0.040014,
    0.037672,
    0.189352,
    0.207114,
    0.196206,
    0.170383,
    0.002378,
    0.491646,
    0.344496,
    0.032306,
    -0.122037,
    0.353956,
    0.119781,
    -0.017713,
    0.292277,
    -0.109088,
    0.20212,
    0.154556,
    0.104189,
    -0.113987,
    0.173721,
    0.100093,
    -0.16825,
    -0.027309,
    0.100582,
    0.178633,
    -0.235169,
    -0.342121,
    0.290887,
    0.168353,
    -0.121895,
    -0.010978,
    0.04295,
    0.157423,
    -0.10486,
    0.148077,
    0.186718,
    0.007438,
    0.265505,
    0.227713,
    -0.043467,
    0.13768,
    0.244282,
    -0.079696,
    0.184401,
    0.122496,
    0.070191,
    -0.021603,
    0.349931,
    0.195896,
    0.295658,
    0.235017,
    0.1838,
    -0.088419,
    -0.141528,
    -0.220391,
    0.200075,
    0.09259,
    0.035486,
    0.114354,
    0.021447,
    -0.392883,
    0.265853,
    0.123359,
    -0.008332,
    0.148004,
    0.277957,
    0.149935,
    0.012989,
    0.094605,
    0.184146,
    -0.036612,
    0.233346,
    0.169065,
    0.19829,
    -0.201396
  ],
  "nominal_returns": [
    0.132911,
    -0.063116,
    0.10181,
    0.028634,
    -0.112128,
    -0.039106,
    0.116923,
    0.484058,
    0.239837,
    0.083904,
    0.024958,
    -0.02911,
    -0.129213,
    0.253456,
    0.126923,
    -0.021277,
    0.018975,
    0.077821,
    -0.093985,
    0.223913,
    0.062847,
    -0.154265,
    0.022676,
    0.048837,
    0.018519,
    0.168246,
    0.231579,
    0.102655,
    0.19103,
    0.203785,
    0.054088,
    -0.140373,
    0.302892,
    0.196364,
    0.073375,
    -0.287602,
    0.435312,
    0.189369,
    -0.075728,
    0.058564,
    0.082327,
    -0.091684,
    -0.033582,
    0.348299,
    0.092827,
    -0.235714,
    0.245588,
    0.196203,
    -0.179372,
    0.140969,
    0.270862,
    0.034169,
    0.252632,
    0.285433,
    0.138042,
    0.351371,
    0.37457,
    -0.033693,
    -0.229439,
    -0.402966,
    -0.132701,
    0.526393,
    -0.026078,
    0.458963,
    0.363497,
    -0.307151,
    0.197822,
    0.023641,
    -0.094584,
    -0.100665,
    0.15411,
    0.269958,
    0.196864,
    0.373282,
    -0.085978,
    0.048909,
    0.072522,
    0.163924,
    0.28295,
    0.256709,
    0.172576,
    0.009217,
    0.470399,
    0.344295,
    0.061935,
    -0.093023,
    0.3697,
    0.138344,
    -0.005249,
    0.298592,
    -0.097156,
    0.220466,
    0.1657,
    0.12494,
    -0.082089,
    0.207672,
    0.149738,
    -0.114836,
    0.02283,
    0.135369,
    0.216598,
    -0.164596,
    -0.254379,
    0.377367,
    0.226043,
    -0.059312,
    0.078448,
    0.180418,
    0.295547,
    -0.022996,
    0.181502,
    0.230201,
    0.046411,
    0.308207,
    0.23917,
    0.004867,
    0.187759,
    0.300759,
    -0.02226,
    0.21889,
    0.153201,
    0.098453,
    0.005172,
    0.380435,
    0.233627,
    0.315668,
    0.253416,
    0.214546,
    -0.057032,
    -0.127926,
    -0.200606,
    0.221146,
    0.127711,
    0.070947,
    0.142013,
    0.063915,
    -0.387549,
    0.290841,
    0.138583,
    0.02273,
    0.16908,
    0.295636,
    0.158166,
    0.021029,
    0.115989,
    0.207707,
    -0.016244,
    0.26007,
    0.181582,
    0.2814,
    -0.148771
  ],
  "inflation": [
    0.022555,
    -0.058823,
    -0.054685,
    -0.04959,
    -0.017388,
    -0.115045,
    -0.140003,
    0.186046,
    -0.019604,
    0.069997,
    -0.018687,
    -0.076198,
    -0.103088,
    -0.011497,
    -0.04651,
    0.060977,
    0.0,
    -0.057472,
    0.012196,
    -0.048193,
    0.012659,
    -0.075001,
    -0.067567,
    0.028985,
    -0.014085,
    0.0,
    0.014286,
    0.169014,
    -0.036145,
    0.05,
    0.071427,
    -0.055554,
    0.047055,
    0.0,
    0.056182,
    -0.021272,
    0.032606,
    0.105267,
    -0.076198,
    -0.020614,
    0.073681,
    0.030414,
    0.01,
    0.019802,
    0.126214,
    0.181034,
    0.20438,
    0.145455,
    0.026455,
    -0.108247,
    -0.023121,
    0.023669,
    0.0,
    0.034682,
    -0.011173,
    -0.022599,
    -0.011561,
    0.005848,
    -0.063953,
    -0.093168,
    -0.10274,
    0.007634,
    0.015152,
    0.029851,
    0.014493,
    0.028571,
    -0.027778,
    0.0,
    0.007143,
    0.099291,
    0.090323,
    0.029586,
    0.022989,
    0.022472,
    0.181319,
    0.088372,
    0.029915,
    -0.020747,
    0.059322,
    0.06,
    0.007547,
    0.007491,
    -0.007435,
    0.003745,
    0.029851,
    0.028986,
    0.017606,
    0.017301,
    0.013605,
    0.006711,
    0.013333,
    0.016447,
    0.009709,
    0.019231,
    0.034591,
    0.030395,
    0.047198,
    0.061972,
    0.055703,
    0.032663,
    0.034063,
    0.087059,
    0.123377,
    0.069364,
    0.048649,
    0.06701,
    0.090177,
    0.132939,
    0.125163,
    0.089224,
    0.038298,
    0.03791,
    0.039487,
    0.037987,
    0.010979,
    0.044344,
    0.044194,
    0.046473,
    0.061063,
    0.030643,
    0.029007,
    0.027484,
    0.026749,
    0.025384,
    0.033225,
    0.017024,
    0.016119,
    0.026846,
    0.033868,
    0.015517,
    0.023769,
    0.018795,
    0.032556,
    0.034157,
    0.025407,
    0.040813,
    0.000914,
    0.027213,
    0.014957,
    0.029624,
    0.01741,
    0.015017,
    0.007565,
    0.007295,
    0.020746,
    0.021091,
    0.019102,
    0.022851,
    0.01362,
    0.070364,
    0.064544
  ]
}